{
  "aggregate": {
    "prefix": "phase1v2_pypdfium_qwen4b",
    "backend": "llama_cpp",
    "model": "models/Qwen3-Embedding-4B-Q4_K_M.gguf",
    "n_queries": 11,
    "index_size": 3468,
    "index_dim": 2560,
    "kw_coverage@5": 0.2593795093795094,
    "kw_coverage@10": 0.3839466089466089,
    "answer_sim@5": 0.32623005455190485,
    "answer_sim@10": 0.3748570111664859,
    "recall@5": 0.0,
    "recall@10": 0.0,
    "mrr": 0.002331002331002331,
    "mean_emb_ms": 1.4192737977613101
  },
  "per_query": [
    {
      "recall@1": 0.0,
      "recall@5": 0.0,
      "recall@10": 0.0,
      "mrr": 0.0,
      "hit@1": 0.0,
      "kw@5": 0.3333333333333333,
      "kw@10": 0.3333333333333333,
      "sim@5": 0.41387102007865906,
      "sim@10": 0.41387104988098145,
      "top_ids": [
        251,
        1962,
        2837,
        1368,
        2829,
        1357,
        1305,
        1365,
        1,
        58
      ],
      "id": "aggregation_grouping",
      "emb_ms": 1.3223178684711456,
      "ideal_n": 5,
      "keywords_n": 6
    },
    {
      "recall@1": 0.0,
      "recall@5": 0.0,
      "recall@10": 0.0,
      "mrr": 0.0,
      "hit@1": 0.0,
      "kw@5": 0.375,
      "kw@10": 0.5,
      "sim@5": 0.3074983060359955,
      "sim@10": 0.3402978777885437,
      "top_ids": [
        2860,
        2148,
        2649,
        3050,
        2208,
        2138,
        2331,
        2325,
        3267,
        3228
      ],
      "id": "acid_properties",
      "emb_ms": 2.1806349977850914,
      "ideal_n": 5,
      "keywords_n": 8
    },
    {
      "recall@1": 0.0,
      "recall@5": 0.0,
      "recall@10": 0.0,
      "mrr": 0.0,
      "hit@1": 0.0,
      "kw@5": 0.0,
      "kw@10": 0.2,
      "sim@5": 0.40526318550109863,
      "sim@10": 0.40526315569877625,
      "top_ids": [
        1739,
        3269,
        3277,
        1752,
        1741,
        3073,
        2660,
        1754,
        2453,
        2677
      ],
      "id": "bptree",
      "emb_ms": 1.4225104823708534,
      "ideal_n": 5,
      "keywords_n": 5
    },
    {
      "recall@1": 0.0,
      "recall@5": 0.0,
      "recall@10": 0.0,
      "mrr": 0.0,
      "hit@1": 0.0,
      "kw@5": 0.0,
      "kw@10": 0.2,
      "sim@5": 0.3373003602027893,
      "sim@10": 0.42358654737472534,
      "top_ids": [
        913,
        914,
        894,
        816,
        915,
        892,
        900,
        801,
        912,
        901
      ],
      "id": "fd_normalization",
      "emb_ms": 1.274745911359787,
      "ideal_n": 5,
      "keywords_n": 5
    },
    {
      "recall@1": 0.0,
      "recall@5": 0.0,
      "recall@10": 0.0,
      "mrr": 0.0,
      "hit@1": 0.0,
      "kw@5": 0.125,
      "kw@10": 0.375,
      "sim@5": 0.3213363289833069,
      "sim@10": 0.3599930703639984,
      "top_ids": [
        2148,
        2108,
        3050,
        2456,
        2331,
        2131,
        2134,
        3267,
        2262,
        500
      ],
      "id": "sql_isolation",
      "emb_ms": 1.475069671869278,
      "ideal_n": 5,
      "keywords_n": 8
    },
    {
      "recall@1": 0.0,
      "recall@5": 0.0,
      "recall@10": 0.0,
      "mrr": 0.02564102564102564,
      "hit@1": 0.0,
      "kw@5": 0.3333333333333333,
      "kw@10": 0.5,
      "sim@5": 0.281965970993042,
      "sim@10": 0.47440171241760254,
      "top_ids": [
        383,
        676,
        2649,
        754,
        744,
        894,
        2677,
        759,
        384,
        462
      ],
      "id": "primary_foreign_keys",
      "emb_ms": 1.2968601658940315,
      "ideal_n": 5,
      "keywords_n": 6
    },
    {
      "recall@1": 0.0,
      "recall@5": 0.0,
      "recall@10": 0.0,
      "mrr": 0.0,
      "hit@1": 0.0,
      "kw@5": 0.42857142857142855,
      "kw@10": 0.7142857142857143,
      "sim@5": 0.2781115770339966,
      "sim@10": 0.2781115770339966,
      "top_ids": [
        1350,
        864,
        155,
        71,
        934,
        709,
        615,
        214,
        759,
        1020
      ],
      "id": "database_schema",
      "emb_ms": 1.206040382385254,
      "ideal_n": 5,
      "keywords_n": 7
    },
    {
      "recall@1": 0.0,
      "recall@5": 0.0,
      "recall@10": 0.0,
      "mrr": 0.0,
      "hit@1": 0.0,
      "kw@5": 0.0,
      "kw@10": 0.0,
      "sim@5": 0.28407996892929077,
      "sim@10": 0.3768250346183777,
      "top_ids": [
        1,
        58,
        70,
        81,
        85,
        99,
        114,
        115,
        116,
        117
      ],
      "id": "book_authors",
      "emb_ms": 1.373371109366417,
      "ideal_n": 5,
      "keywords_n": 7
    },
    {
      "recall@1": 0.0,
      "recall@5": 0.0,
      "recall@10": 0.0,
      "mrr": 0.0,
      "hit@1": 0.0,
      "kw@5": 0.75,
      "kw@10": 0.75,
      "sim@5": 0.37506988644599915,
      "sim@10": 0.37506991624832153,
      "top_ids": [
        2436,
        2860,
        2456,
        2454,
        2331,
        1495,
        3050,
        2373,
        2148,
        2460
      ],
      "id": "aries_atomicity",
      "emb_ms": 1.3846475630998611,
      "ideal_n": 5,
      "keywords_n": 8
    },
    {
      "recall@1": 0.0,
      "recall@5": 0.0,
      "recall@10": 0.0,
      "mrr": 0.0,
      "hit@1": 0.0,
      "kw@5": 0.2222222222222222,
      "kw@10": 0.2222222222222222,
      "sim@5": 0.32517868280410767,
      "sim@10": 0.3924578130245209,
      "top_ids": [
        1342,
        2797,
        1357,
        141,
        3360,
        2649,
        1347,
        1763,
        1984,
        1268
      ],
      "id": "oltp_vs_analytics",
      "emb_ms": 1.4379536733031273,
      "ideal_n": 5,
      "keywords_n": 9
    },
    {
      "recall@1": 0.0,
      "recall@5": 0.0,
      "recall@10": 0.0,
      "mrr": 0.0,
      "hit@1": 0.0,
      "kw@5": 0.2857142857142857,
      "kw@10": 0.42857142857142855,
      "sim@5": 0.25885531306266785,
      "sim@10": 0.28354936838150024,
      "top_ids": [
        774,
        914,
        830,
        894,
        898,
        913,
        915,
        912,
        2031,
        1998
      ],
      "id": "lossy_decomposition",
      "emb_ms": 1.2378599494695663,
      "ideal_n": 5,
      "keywords_n": 7
    }
  ]
}