{
  "aggregate": {
    "prefix": "phase3_nomic_st",
    "backend": "sentence_transformers",
    "model": "nomic-ai/nomic-embed-text-v1.5",
    "n_queries": 11,
    "index_size": 2664,
    "index_dim": 768,
    "kw_coverage@5": 0.0,
    "kw_coverage@10": 0.03896103896103896,
    "answer_sim@5": 0.17653898302127013,
    "answer_sim@10": 0.23882136832584033,
    "recall@5": 0.0,
    "recall@10": 0.0,
    "mrr": 0.006028708133971292,
    "mean_emb_ms": 1.337904567745599
  },
  "per_query": [
    {
      "recall@1": 0.0,
      "recall@5": 0.0,
      "recall@10": 0.0,
      "mrr": 0.0,
      "hit@1": 0.0,
      "kw@5": 0.0,
      "kw@10": 0.0,
      "sim@5": 0.00022142566740512848,
      "sim@10": 0.06912656128406525,
      "top_ids": [
        605,
        1179,
        250,
        2310,
        2604,
        1076,
        2646,
        1383,
        158,
        100
      ],
      "id": "aggregation_grouping",
      "emb_ms": 1.1021774262189865,
      "ideal_n": 5,
      "keywords_n": 6
    },
    {
      "recall@1": 0.0,
      "recall@5": 0.0,
      "recall@10": 0.0,
      "mrr": 0.0,
      "hit@1": 0.0,
      "kw@5": 0.0,
      "kw@10": 0.0,
      "sim@5": 0.21424202620983124,
      "sim@10": 0.35320448875427246,
      "top_ids": [
        2604,
        145,
        1179,
        1396,
        1265,
        1369,
        1078,
        1383,
        2516,
        2018
      ],
      "id": "acid_properties",
      "emb_ms": 1.890110783278942,
      "ideal_n": 5,
      "keywords_n": 8
    },
    {
      "recall@1": 0.0,
      "recall@5": 0.0,
      "recall@10": 0.0,
      "mrr": 0.0,
      "hit@1": 0.0,
      "kw@5": 0.0,
      "kw@10": 0.0,
      "sim@5": 0.3327149450778961,
      "sim@10": 0.3593595027923584,
      "top_ids": [
        2604,
        1402,
        158,
        1078,
        1265,
        1103,
        1257,
        1231,
        2310,
        1302
      ],
      "id": "bptree",
      "emb_ms": 1.3341866433620453,
      "ideal_n": 5,
      "keywords_n": 5
    },
    {
      "recall@1": 0.0,
      "recall@5": 0.0,
      "recall@10": 0.0,
      "mrr": 0.0,
      "hit@1": 0.0,
      "kw@5": 0.0,
      "kw@10": 0.0,
      "sim@5": 0.28443872928619385,
      "sim@10": 0.2844386696815491,
      "top_ids": [
        2283,
        1910,
        1383,
        660,
        145,
        1396,
        1959,
        2604,
        2018,
        1078
      ],
      "id": "fd_normalization",
      "emb_ms": 1.184367574751377,
      "ideal_n": 5,
      "keywords_n": 5
    },
    {
      "recall@1": 0.0,
      "recall@5": 0.0,
      "recall@10": 0.0,
      "mrr": 0.0,
      "hit@1": 0.0,
      "kw@5": 0.0,
      "kw@10": 0.0,
      "sim@5": 0.11927340924739838,
      "sim@10": 0.26725441217422485,
      "top_ids": [
        1179,
        2604,
        1383,
        1029,
        2274,
        190,
        2592,
        145,
        158,
        961
      ],
      "id": "sql_isolation",
      "emb_ms": 1.1926647275686264,
      "ideal_n": 5,
      "keywords_n": 8
    },
    {
      "recall@1": 0.0,
      "recall@5": 0.0,
      "recall@10": 0.0,
      "mrr": 0.04,
      "hit@1": 0.0,
      "kw@5": 0.0,
      "kw@10": 0.0,
      "sim@5": 0.08315923064947128,
      "sim@10": 0.14857631921768188,
      "top_ids": [
        2283,
        2604,
        694,
        1179,
        1548,
        2310,
        1875,
        2611,
        1078,
        2018
      ],
      "id": "primary_foreign_keys",
      "emb_ms": 1.3307640329003334,
      "ideal_n": 5,
      "keywords_n": 6
    },
    {
      "recall@1": 0.0,
      "recall@5": 0.0,
      "recall@10": 0.0,
      "mrr": 0.02631578947368421,
      "hit@1": 0.0,
      "kw@5": 0.0,
      "kw@10": 0.14285714285714285,
      "sim@5": 0.09474215656518936,
      "sim@10": 0.15860939025878906,
      "top_ids": [
        1078,
        2604,
        1016,
        781,
        1179,
        2149,
        1076,
        2018,
        158,
        583
      ],
      "id": "database_schema",
      "emb_ms": 1.5152031555771828,
      "ideal_n": 5,
      "keywords_n": 7
    },
    {
      "recall@1": 0.0,
      "recall@5": 0.0,
      "recall@10": 0.0,
      "mrr": 0.0,
      "hit@1": 0.0,
      "kw@5": 0.0,
      "kw@10": 0.0,
      "sim@5": 0.244768425822258,
      "sim@10": 0.24476833641529083,
      "top_ids": [
        2600,
        2018,
        1644,
        1078,
        593,
        1076,
        2202,
        1179,
        1332,
        1614
      ],
      "id": "book_authors",
      "emb_ms": 1.311836764216423,
      "ideal_n": 5,
      "keywords_n": 7
    },
    {
      "recall@1": 0.0,
      "recall@5": 0.0,
      "recall@10": 0.0,
      "mrr": 0.0,
      "hit@1": 0.0,
      "kw@5": 0.0,
      "kw@10": 0.0,
      "sim@5": 0.1523619294166565,
      "sim@10": 0.24027681350708008,
      "top_ids": [
        1179,
        2604,
        1076,
        2310,
        1383,
        2646,
        1642,
        2018,
        2436,
        190
      ],
      "id": "aries_atomicity",
      "emb_ms": 1.2694885954260826,
      "ideal_n": 5,
      "keywords_n": 8
    },
    {
      "recall@1": 0.0,
      "recall@5": 0.0,
      "recall@10": 0.0,
      "mrr": 0.0,
      "hit@1": 0.0,
      "kw@5": 0.0,
      "kw@10": 0.0,
      "sim@5": 0.18111716210842133,
      "sim@10": 0.18111705780029297,
      "top_ids": [
        2604,
        1396,
        1078,
        1179,
        1076,
        1369,
        2018,
        1265,
        2436,
        1140
      ],
      "id": "oltp_vs_analytics",
      "emb_ms": 1.2937234714627266,
      "ideal_n": 5,
      "keywords_n": 9
    },
    {
      "recall@1": 0.0,
      "recall@5": 0.0,
      "recall@10": 0.0,
      "mrr": 0.0,
      "hit@1": 0.0,
      "kw@5": 0.0,
      "kw@10": 0.2857142857142857,
      "sim@5": 0.23488937318325043,
      "sim@10": 0.3203034996986389,
      "top_ids": [
        250,
        158,
        2436,
        1383,
        2018,
        1078,
        762,
        583,
        1103,
        1179
      ],
      "id": "lossy_decomposition",
      "emb_ms": 1.2924270704388618,
      "ideal_n": 5,
      "keywords_n": 7
    }
  ]
}