{
  "aggregate": {
    "prefix": "phase3_nomic_gpt4all_gpu",
    "backend": "gpt4all",
    "model": "nomic-embed-text-v1.5.f16.gguf",
    "n_queries": 11,
    "index_size": 2664,
    "index_dim": 768,
    "kw_coverage@5": 0.03445165945165945,
    "kw_coverage@10": 0.060425685425685424,
    "answer_sim@5": 0.18939462845975702,
    "answer_sim@10": 0.24726642803712326,
    "recall@5": 0.0,
    "recall@10": 0.018181818181818184,
    "mrr": 0.013235806339254615,
    "mean_emb_ms": 1.4009668745777824
  },
  "per_query": [
    {
      "recall@1": 0.0,
      "recall@5": 0.0,
      "recall@10": 0.0,
      "mrr": 0.0,
      "hit@1": 0.0,
      "kw@5": 0.0,
      "kw@10": 0.0,
      "sim@5": 0.10713373124599457,
      "sim@10": 0.10713374614715576,
      "top_ids": [
        1265,
        605,
        793,
        100,
        1383,
        617,
        1396,
        145,
        524,
        2310
      ],
      "id": "aggregation_grouping",
      "emb_ms": 1.125464215874672,
      "ideal_n": 5,
      "keywords_n": 6
    },
    {
      "recall@1": 0.0,
      "recall@5": 0.0,
      "recall@10": 0.0,
      "mrr": 0.0,
      "hit@1": 0.0,
      "kw@5": 0.0,
      "kw@10": 0.0,
      "sim@5": 0.21424207091331482,
      "sim@10": 0.214242085814476,
      "top_ids": [
        145,
        1265,
        1396,
        793,
        2604,
        1383,
        961,
        605,
        1231,
        1179
      ],
      "id": "acid_properties",
      "emb_ms": 2.0412392914295197,
      "ideal_n": 5,
      "keywords_n": 8
    },
    {
      "recall@1": 0.0,
      "recall@5": 0.0,
      "recall@10": 0.0,
      "mrr": 0.0,
      "hit@1": 0.0,
      "kw@5": 0.0,
      "kw@10": 0.0,
      "sim@5": 0.33271491527557373,
      "sim@10": 0.5145582556724548,
      "top_ids": [
        1265,
        605,
        1125,
        1103,
        158,
        1242,
        1231,
        793,
        1549,
        762
      ],
      "id": "bptree",
      "emb_ms": 1.149199903011322,
      "ideal_n": 5,
      "keywords_n": 5
    },
    {
      "recall@1": 0.0,
      "recall@5": 0.0,
      "recall@10": 0.0,
      "mrr": 0.0,
      "hit@1": 0.0,
      "kw@5": 0.0,
      "kw@10": 0.0,
      "sim@5": 0.14806358516216278,
      "sim@10": 0.28443872928619385,
      "top_ids": [
        1959,
        793,
        1396,
        911,
        1260,
        2283,
        145,
        1078,
        287,
        2539
      ],
      "id": "fd_normalization",
      "emb_ms": 1.0727830231189728,
      "ideal_n": 5,
      "keywords_n": 5
    },
    {
      "recall@1": 0.0,
      "recall@5": 0.0,
      "recall@10": 0.0,
      "mrr": 0.0,
      "hit@1": 0.0,
      "kw@5": 0.0,
      "kw@10": 0.0,
      "sim@5": 0.2672542929649353,
      "sim@10": 0.26725441217422485,
      "top_ids": [
        1265,
        145,
        1383,
        762,
        1396,
        100,
        187,
        1402,
        158,
        1078
      ],
      "id": "sql_isolation",
      "emb_ms": 1.2256782501935959,
      "ideal_n": 5,
      "keywords_n": 8
    },
    {
      "recall@1": 0.0,
      "recall@5": 0.0,
      "recall@10": 0.2,
      "mrr": 0.1111111111111111,
      "hit@1": 0.0,
      "kw@5": 0.0,
      "kw@10": 0.0,
      "sim@5": 0.1419849991798401,
      "sim@10": 0.14198505878448486,
      "top_ids": [
        1959,
        145,
        793,
        911,
        694,
        2604,
        2283,
        2539,
        119,
        1179
      ],
      "id": "primary_foreign_keys",
      "emb_ms": 1.3811774551868439,
      "ideal_n": 5,
      "keywords_n": 6
    },
    {
      "recall@1": 0.0,
      "recall@5": 0.0,
      "recall@10": 0.0,
      "mrr": 0.034482758620689655,
      "hit@1": 0.0,
      "kw@5": 0.14285714285714285,
      "kw@10": 0.2857142857142857,
      "sim@5": 0.2714058458805084,
      "sim@10": 0.2714058756828308,
      "top_ids": [
        2149,
        1546,
        961,
        911,
        1078,
        1103,
        2627,
        1814,
        1265,
        2604
      ],
      "id": "database_schema",
      "emb_ms": 1.4891698956489563,
      "ideal_n": 5,
      "keywords_n": 7
    },
    {
      "recall@1": 0.0,
      "recall@5": 0.0,
      "recall@10": 0.0,
      "mrr": 0.0,
      "hit@1": 0.0,
      "kw@5": 0.0,
      "kw@10": 0.0,
      "sim@5": 0.2221750020980835,
      "sim@10": 0.2948901653289795,
      "top_ids": [
        145,
        1396,
        1260,
        793,
        2627,
        1265,
        1684,
        694,
        1078,
        911
      ],
      "id": "book_authors",
      "emb_ms": 1.5014037489891052,
      "ideal_n": 5,
      "keywords_n": 7
    },
    {
      "recall@1": 0.0,
      "recall@5": 0.0,
      "recall@10": 0.0,
      "mrr": 0.0,
      "hit@1": 0.0,
      "kw@5": 0.125,
      "kw@10": 0.125,
      "sim@5": 0.12316165864467621,
      "sim@10": 0.19847996532917023,
      "top_ids": [
        117,
        1549,
        158,
        961,
        100,
        762,
        1614,
        2149,
        580,
        84
      ],
      "id": "aries_atomicity",
      "emb_ms": 1.5663746744394302,
      "ideal_n": 5,
      "keywords_n": 8
    },
    {
      "recall@1": 0.0,
      "recall@5": 0.0,
      "recall@10": 0.0,
      "mrr": 0.0,
      "hit@1": 0.0,
      "kw@5": 0.1111111111111111,
      "kw@10": 0.1111111111111111,
      "sim@5": 0.14306995272636414,
      "sim@10": 0.1998877078294754,
      "top_ids": [
        961,
        1265,
        2530,
        1396,
        2539,
        117,
        704,
        1614,
        1103,
        145
      ],
      "id": "oltp_vs_analytics",
      "emb_ms": 1.4758892357349396,
      "ideal_n": 5,
      "keywords_n": 9
    },
    {
      "recall@1": 0.0,
      "recall@5": 0.0,
      "recall@10": 0.0,
      "mrr": 0.0,
      "hit@1": 0.0,
      "kw@5": 0.0,
      "kw@10": 0.14285714285714285,
      "sim@5": 0.11213485896587372,
      "sim@10": 0.2256547063589096,
      "top_ids": [
        762,
        158,
        1103,
        287,
        617,
        605,
        250,
        911,
        576,
        793
      ],
      "id": "lossy_decomposition",
      "emb_ms": 1.3822559267282486,
      "ideal_n": 5,
      "keywords_n": 7
    }
  ]
}