{
  "aggregate": {
    "prefix": "phase3_qwen4b",
    "backend": "llama_cpp",
    "model": "models/Qwen3-Embedding-4B-Q4_K_M.gguf",
    "n_queries": 11,
    "index_size": 2664,
    "index_dim": 2560,
    "kw_coverage@5": 0.251046176046176,
    "kw_coverage@10": 0.2791847041847042,
    "answer_sim@5": 0.3294054066592997,
    "answer_sim@10": 0.3468955321745439,
    "recall@5": 0.0,
    "recall@10": 0.0,
    "mrr": 0.0106951871657754,
    "mean_emb_ms": 1.398348757489161
  },
  "per_query": [
    {
      "recall@1": 0.0,
      "recall@5": 0.0,
      "recall@10": 0.0,
      "mrr": 0.0,
      "hit@1": 0.0,
      "kw@5": 0.3333333333333333,
      "kw@10": 0.3333333333333333,
      "sim@5": 0.43536141514778137,
      "sim@10": 0.43536144495010376,
      "top_ids": [
        169,
        1508,
        1025,
        1014,
        181,
        983,
        552,
        19,
        31,
        42
      ],
      "id": "aggregation_grouping",
      "emb_ms": 1.2354524806141853,
      "ideal_n": 5,
      "keywords_n": 6
    },
    {
      "recall@1": 0.0,
      "recall@5": 0.0,
      "recall@10": 0.0,
      "mrr": 0.0,
      "hit@1": 0.0,
      "kw@5": 0.5,
      "kw@10": 0.5,
      "sim@5": 0.3506650924682617,
      "sim@10": 0.35066503286361694,
      "top_ids": [
        2216,
        1648,
        1637,
        2056,
        1708,
        1816,
        2532,
        1744,
        1923,
        1768
      ],
      "id": "acid_properties",
      "emb_ms": 1.9573485478758812,
      "ideal_n": 5,
      "keywords_n": 8
    },
    {
      "recall@1": 0.0,
      "recall@5": 0.0,
      "recall@10": 0.0,
      "mrr": 0.0,
      "hit@1": 0.0,
      "kw@5": 0.2,
      "kw@10": 0.2,
      "sim@5": 0.4771730303764343,
      "sim@10": 0.47717297077178955,
      "top_ids": [
        1310,
        1264,
        2067,
        2396,
        2404,
        1327,
        1272,
        808,
        2478,
        2056
      ],
      "id": "bptree",
      "emb_ms": 1.269347034394741,
      "ideal_n": 5,
      "keywords_n": 5
    },
    {
      "recall@1": 0.0,
      "recall@5": 0.0,
      "recall@10": 0.0,
      "mrr": 0.0,
      "hit@1": 0.0,
      "kw@5": 0.0,
      "kw@10": 0.0,
      "sim@5": 0.30651211738586426,
      "sim@10": 0.30651214718818665,
      "top_ids": [
        576,
        605,
        591,
        640,
        2056,
        84,
        675,
        507,
        619,
        169
      ],
      "id": "fd_normalization",
      "emb_ms": 1.238570548593998,
      "ideal_n": 5,
      "keywords_n": 5
    },
    {
      "recall@1": 0.0,
      "recall@5": 0.0,
      "recall@10": 0.0,
      "mrr": 0.0,
      "hit@1": 0.0,
      "kw@5": 0.25,
      "kw@10": 0.25,
      "sim@5": 0.35793834924697876,
      "sim@10": 0.357938289642334,
      "top_ids": [
        1648,
        1632,
        1637,
        2056,
        1762,
        132,
        1708,
        368,
        2216,
        269
      ],
      "id": "sql_isolation",
      "emb_ms": 1.3290634378790855,
      "ideal_n": 5,
      "keywords_n": 8
    },
    {
      "recall@1": 0.0,
      "recall@5": 0.0,
      "recall@10": 0.0,
      "mrr": 0.058823529411764705,
      "hit@1": 0.0,
      "kw@5": 0.16666666666666666,
      "kw@10": 0.3333333333333333,
      "sim@5": 0.2913604974746704,
      "sim@10": 0.291360467672348,
      "top_ids": [
        497,
        2056,
        507,
        675,
        808,
        269,
        84,
        132,
        19,
        31
      ],
      "id": "primary_foreign_keys",
      "emb_ms": 1.4463402330875397,
      "ideal_n": 5,
      "keywords_n": 6
    },
    {
      "recall@1": 0.0,
      "recall@5": 0.0,
      "recall@10": 0.0,
      "mrr": 0.058823529411764705,
      "hit@1": 0.0,
      "kw@5": 0.42857142857142855,
      "kw@10": 0.5714285714285714,
      "sim@5": 0.2582054138183594,
      "sim@10": 0.2582053542137146,
      "top_ids": [
        94,
        32,
        652,
        675,
        436,
        132,
        507,
        570,
        497,
        84
      ],
      "id": "database_schema",
      "emb_ms": 1.3370392844080925,
      "ideal_n": 5,
      "keywords_n": 7
    },
    {
      "recall@1": 0.0,
      "recall@5": 0.0,
      "recall@10": 0.0,
      "mrr": 0.0,
      "hit@1": 0.0,
      "kw@5": 0.0,
      "kw@10": 0.0,
      "sim@5": 0.28407996892929077,
      "sim@10": 0.4567233622074127,
      "top_ids": [
        19,
        31,
        42,
        46,
        60,
        92,
        98,
        100,
        119,
        145
      ],
      "id": "book_authors",
      "emb_ms": 1.3632755726575851,
      "ideal_n": 5,
      "keywords_n": 7
    },
    {
      "recall@1": 0.0,
      "recall@5": 0.0,
      "recall@10": 0.0,
      "mrr": 0.0,
      "hit@1": 0.0,
      "kw@5": 0.375,
      "kw@10": 0.375,
      "sim@5": 0.2936810851097107,
      "sim@10": 0.2936810255050659,
      "top_ids": [
        1895,
        2216,
        1816,
        1648,
        1708,
        2072,
        1637,
        1744,
        1710,
        1626
      ],
      "id": "aries_atomicity",
      "emb_ms": 1.3749748468399048,
      "ideal_n": 5,
      "keywords_n": 8
    },
    {
      "recall@1": 0.0,
      "recall@5": 0.0,
      "recall@10": 0.0,
      "mrr": 0.0,
      "hit@1": 0.0,
      "kw@5": 0.2222222222222222,
      "kw@10": 0.2222222222222222,
      "sim@5": 0.32517868280410767,
      "sim@10": 0.3251786231994629,
      "top_ids": [
        999,
        2182,
        80,
        1014,
        967,
        2056,
        1004,
        675,
        946,
        2579
      ],
      "id": "oltp_vs_analytics",
      "emb_ms": 1.4552883803844452,
      "ideal_n": 5,
      "keywords_n": 9
    },
    {
      "recall@1": 0.0,
      "recall@5": 0.0,
      "recall@10": 0.0,
      "mrr": 0.0,
      "hit@1": 0.0,
      "kw@5": 0.2857142857142857,
      "kw@10": 0.2857142857142857,
      "sim@5": 0.2433038204908371,
      "sim@10": 0.2630521357059479,
      "top_ids": [
        564,
        619,
        1543,
        675,
        622,
        1478,
        640,
        19,
        31,
        42
      ],
      "id": "lossy_decomposition",
      "emb_ms": 1.3751359656453133,
      "ideal_n": 5,
      "keywords_n": 7
    }
  ]
}