{
  "aggregate": {
    "prefix": "phase3_minilm",
    "backend": "sentence_transformers",
    "model": "sentence-transformers/all-MiniLM-L6-v2",
    "n_queries": 11,
    "index_size": 2664,
    "index_dim": 384,
    "kw_coverage@5": 0.08051948051948052,
    "kw_coverage@10": 0.12164502164502164,
    "answer_sim@5": 0.18300553343512796,
    "answer_sim@10": 0.2189147025346756,
    "recall@5": 0.0,
    "recall@10": 0.0,
    "mrr": 0.0,
    "mean_emb_ms": 1.4369686726819386
  },
  "per_query": [
    {
      "recall@1": 0.0,
      "recall@5": 0.0,
      "recall@10": 0.0,
      "mrr": 0.0,
      "hit@1": 0.0,
      "kw@5": 0.0,
      "kw@10": 0.16666666666666666,
      "sim@5": 0.07233145833015442,
      "sim@10": 0.07233147323131561,
      "top_ids": [
        2468,
        100,
        1817,
        1463,
        1179,
        1471,
        148,
        2604,
        1528,
        1130
      ],
      "id": "aggregation_grouping",
      "emb_ms": 1.1858493089675903,
      "ideal_n": 5,
      "keywords_n": 6
    },
    {
      "recall@1": 0.0,
      "recall@5": 0.0,
      "recall@10": 0.0,
      "mrr": 0.0,
      "hit@1": 0.0,
      "kw@5": 0.0,
      "kw@10": 0.0,
      "sim@5": 0.2931840717792511,
      "sim@10": 0.29318416118621826,
      "top_ids": [
        600,
        1671,
        609,
        617,
        665,
        604,
        616,
        610,
        591,
        637
      ],
      "id": "acid_properties",
      "emb_ms": 2.7632592245936394,
      "ideal_n": 5,
      "keywords_n": 8
    },
    {
      "recall@1": 0.0,
      "recall@5": 0.0,
      "recall@10": 0.0,
      "mrr": 0.0,
      "hit@1": 0.0,
      "kw@5": 0.2,
      "kw@10": 0.2,
      "sim@5": 0.3341984152793884,
      "sim@10": 0.334198534488678,
      "top_ids": [
        605,
        1422,
        617,
        599,
        1231,
        755,
        1265,
        620,
        572,
        589
      ],
      "id": "bptree",
      "emb_ms": 1.2442898005247116,
      "ideal_n": 5,
      "keywords_n": 5
    },
    {
      "recall@1": 0.0,
      "recall@5": 0.0,
      "recall@10": 0.0,
      "mrr": 0.0,
      "hit@1": 0.0,
      "kw@5": 0.4,
      "kw@10": 0.4,
      "sim@5": 0.28513193130493164,
      "sim@10": 0.34862080216407776,
      "top_ids": [
        582,
        665,
        616,
        1365,
        614,
        608,
        589,
        1534,
        1068,
        1171
      ],
      "id": "fd_normalization",
      "emb_ms": 1.2929541990160942,
      "ideal_n": 5,
      "keywords_n": 5
    },
    {
      "recall@1": 0.0,
      "recall@5": 0.0,
      "recall@10": 0.0,
      "mrr": 0.0,
      "hit@1": 0.0,
      "kw@5": 0.0,
      "kw@10": 0.0,
      "sim@5": 0.15351805090904236,
      "sim@10": 0.15351808071136475,
      "top_ids": [
        617,
        100,
        604,
        1545,
        2105,
        1507,
        118,
        1308,
        609,
        1547
      ],
      "id": "sql_isolation",
      "emb_ms": 1.274379901587963,
      "ideal_n": 5,
      "keywords_n": 8
    },
    {
      "recall@1": 0.0,
      "recall@5": 0.0,
      "recall@10": 0.0,
      "mrr": 0.0,
      "hit@1": 0.0,
      "kw@5": 0.0,
      "kw@10": 0.0,
      "sim@5": 0.06260177493095398,
      "sim@10": 0.19823119044303894,
      "top_ids": [
        617,
        2338,
        588,
        1959,
        1450,
        1565,
        2171,
        317,
        902,
        2065
      ],
      "id": "primary_foreign_keys",
      "emb_ms": 1.2954864650964737,
      "ideal_n": 5,
      "keywords_n": 6
    },
    {
      "recall@1": 0.0,
      "recall@5": 0.0,
      "recall@10": 0.0,
      "mrr": 0.0,
      "hit@1": 0.0,
      "kw@5": 0.14285714285714285,
      "kw@10": 0.42857142857142855,
      "sim@5": 0.15485547482967377,
      "sim@10": 0.15485545992851257,
      "top_ids": [
        1493,
        100,
        1078,
        111,
        582,
        604,
        1308,
        572,
        633,
        599
      ],
      "id": "database_schema",
      "emb_ms": 1.2948354706168175,
      "ideal_n": 5,
      "keywords_n": 7
    },
    {
      "recall@1": 0.0,
      "recall@5": 0.0,
      "recall@10": 0.0,
      "mrr": 0.0,
      "hit@1": 0.0,
      "kw@5": 0.0,
      "kw@10": 0.0,
      "sim@5": 0.11910706013441086,
      "sim@10": 0.1980854570865631,
      "top_ids": [
        600,
        620,
        608,
        617,
        605,
        604,
        665,
        1476,
        609,
        117
      ],
      "id": "book_authors",
      "emb_ms": 1.3395771384239197,
      "ideal_n": 5,
      "keywords_n": 7
    },
    {
      "recall@1": 0.0,
      "recall@5": 0.0,
      "recall@10": 0.0,
      "mrr": 0.0,
      "hit@1": 0.0,
      "kw@5": 0.0,
      "kw@10": 0.0,
      "sim@5": 0.13447928428649902,
      "sim@10": 0.14921101927757263,
      "top_ids": [
        600,
        617,
        609,
        591,
        633,
        572,
        639,
        163,
        708,
        604
      ],
      "id": "aries_atomicity",
      "emb_ms": 1.463375985622406,
      "ideal_n": 5,
      "keywords_n": 8
    },
    {
      "recall@1": 0.0,
      "recall@5": 0.0,
      "recall@10": 0.0,
      "mrr": 0.0,
      "hit@1": 0.0,
      "kw@5": 0.0,
      "kw@10": 0.0,
      "sim@5": 0.11948802322149277,
      "sim@10": 0.2216602861881256,
      "top_ids": [
        617,
        604,
        1387,
        111,
        609,
        1265,
        1463,
        577,
        1231,
        1422
      ],
      "id": "oltp_vs_analytics",
      "emb_ms": 1.3225805014371872,
      "ideal_n": 5,
      "keywords_n": 9
    },
    {
      "recall@1": 0.0,
      "recall@5": 0.0,
      "recall@10": 0.0,
      "mrr": 0.0,
      "hit@1": 0.0,
      "kw@5": 0.14285714285714285,
      "kw@10": 0.14285714285714285,
      "sim@5": 0.28416532278060913,
      "sim@10": 0.28416526317596436,
      "top_ids": [
        100,
        1671,
        201,
        599,
        604,
        1781,
        1545,
        689,
        216,
        1959
      ],
      "id": "lossy_decomposition",
      "emb_ms": 1.330067403614521,
      "ideal_n": 5,
      "keywords_n": 7
    }
  ]
}