{
  "aggregate": {
    "prefix": "phase3_nomic_gpt4all_gpu",
    "backend": "gpt4all",
    "model": "nomic-embed-text-v1.5.f16.gguf",
    "n_queries": 11,
    "index_size": 2664,
    "index_dim": 768,
    "kw_coverage@5": 0.03445165945165945,
    "kw_coverage@10": 0.060425685425685424,
    "answer_sim@5": 0.18939464065161618,
    "answer_sim@10": 0.24726638875224374,
    "recall@5": 0.0,
    "recall@10": 0.018181818181818184,
    "mrr": 0.01959668238738006,
    "mean_emb_ms": 41.634438051418826
  },
  "per_query": [
    {
      "recall@1": 0.0,
      "recall@5": 0.0,
      "recall@10": 0.0,
      "mrr": 0.0,
      "hit@1": 0.0,
      "kw@5": 0.0,
      "kw@10": 0.0,
      "sim@5": 0.10713383555412292,
      "sim@10": 0.10713379085063934,
      "top_ids": [
        1265,
        605,
        793,
        100,
        1383,
        617,
        1396,
        145,
        524,
        2310
      ],
      "id": "aggregation_grouping",
      "emb_ms": 129.45044599473476,
      "ideal_n": 5,
      "keywords_n": 6
    },
    {
      "recall@1": 0.0,
      "recall@5": 0.0,
      "recall@10": 0.0,
      "mrr": 0.0,
      "hit@1": 0.0,
      "kw@5": 0.0,
      "kw@10": 0.0,
      "sim@5": 0.2142421156167984,
      "sim@10": 0.21424205601215363,
      "top_ids": [
        145,
        1265,
        1396,
        793,
        2604,
        1383,
        961,
        605,
        1231,
        1179
      ],
      "id": "acid_properties",
      "emb_ms": 133.22553038597107,
      "ideal_n": 5,
      "keywords_n": 8
    },
    {
      "recall@1": 0.0,
      "recall@5": 0.0,
      "recall@10": 0.2,
      "mrr": 0.16666666666666666,
      "hit@1": 0.0,
      "kw@5": 0.0,
      "kw@10": 0.0,
      "sim@5": 0.3327149748802185,
      "sim@10": 0.5145581960678101,
      "top_ids": [
        1265,
        605,
        1125,
        1103,
        158,
        1242,
        1231,
        793,
        1549,
        762
      ],
      "id": "bptree",
      "emb_ms": 31.630827113986015,
      "ideal_n": 5,
      "keywords_n": 5
    },
    {
      "recall@1": 0.0,
      "recall@5": 0.0,
      "recall@10": 0.0,
      "mrr": 0.0,
      "hit@1": 0.0,
      "kw@5": 0.0,
      "kw@10": 0.0,
      "sim@5": 0.14806360006332397,
      "sim@10": 0.2844387888908386,
      "top_ids": [
        1959,
        793,
        1396,
        911,
        1260,
        2283,
        145,
        1078,
        287,
        2539
      ],
      "id": "fd_normalization",
      "emb_ms": 17.871573567390442,
      "ideal_n": 5,
      "keywords_n": 5
    },
    {
      "recall@1": 0.0,
      "recall@5": 0.0,
      "recall@10": 0.0,
      "mrr": 0.0,
      "hit@1": 0.0,
      "kw@5": 0.0,
      "kw@10": 0.0,
      "sim@5": 0.2672542929649353,
      "sim@10": 0.2672543227672577,
      "top_ids": [
        1265,
        145,
        1383,
        762,
        1396,
        100,
        187,
        1402,
        158,
        1078
      ],
      "id": "sql_isolation",
      "emb_ms": 20.087825134396553,
      "ideal_n": 5,
      "keywords_n": 8
    },
    {
      "recall@1": 0.0,
      "recall@5": 0.0,
      "recall@10": 0.0,
      "mrr": 0.02564102564102564,
      "hit@1": 0.0,
      "kw@5": 0.0,
      "kw@10": 0.0,
      "sim@5": 0.14198504388332367,
      "sim@10": 0.1419849693775177,
      "top_ids": [
        1959,
        145,
        793,
        911,
        694,
        2604,
        2283,
        2539,
        119,
        1179
      ],
      "id": "primary_foreign_keys",
      "emb_ms": 17.71913841366768,
      "ideal_n": 5,
      "keywords_n": 6
    },
    {
      "recall@1": 0.0,
      "recall@5": 0.0,
      "recall@10": 0.0,
      "mrr": 0.0,
      "hit@1": 0.0,
      "kw@5": 0.14285714285714285,
      "kw@10": 0.2857142857142857,
      "sim@5": 0.2714056968688965,
      "sim@10": 0.2714056968688965,
      "top_ids": [
        2149,
        1546,
        961,
        911,
        1078,
        1103,
        2627,
        1814,
        1265,
        2604
      ],
      "id": "database_schema",
      "emb_ms": 17.920657992362976,
      "ideal_n": 5,
      "keywords_n": 7
    },
    {
      "recall@1": 0.0,
      "recall@5": 0.0,
      "recall@10": 0.0,
      "mrr": 0.0,
      "hit@1": 0.0,
      "kw@5": 0.0,
      "kw@10": 0.0,
      "sim@5": 0.2221750020980835,
      "sim@10": 0.29489004611968994,
      "top_ids": [
        145,
        1396,
        1260,
        793,
        2627,
        1265,
        1684,
        694,
        1078,
        911
      ],
      "id": "book_authors",
      "emb_ms": 18.142925575375557,
      "ideal_n": 5,
      "keywords_n": 7
    },
    {
      "recall@1": 0.0,
      "recall@5": 0.0,
      "recall@10": 0.0,
      "mrr": 0.0,
      "hit@1": 0.0,
      "kw@5": 0.125,
      "kw@10": 0.125,
      "sim@5": 0.12316161394119263,
      "sim@10": 0.19847990572452545,
      "top_ids": [
        117,
        1549,
        158,
        961,
        100,
        762,
        1614,
        2149,
        580,
        84
      ],
      "id": "aries_atomicity",
      "emb_ms": 32.47234970331192,
      "ideal_n": 5,
      "keywords_n": 8
    },
    {
      "recall@1": 0.0,
      "recall@5": 0.0,
      "recall@10": 0.0,
      "mrr": 0.0,
      "hit@1": 0.0,
      "kw@5": 0.1111111111111111,
      "kw@10": 0.1111111111111111,
      "sim@5": 0.14306993782520294,
      "sim@10": 0.19988775253295898,
      "top_ids": [
        961,
        1265,
        2530,
        1396,
        2539,
        117,
        704,
        1614,
        1103,
        145
      ],
      "id": "oltp_vs_analytics",
      "emb_ms": 19.68710497021675,
      "ideal_n": 5,
      "keywords_n": 9
    },
    {
      "recall@1": 0.0,
      "recall@5": 0.0,
      "recall@10": 0.0,
      "mrr": 0.023255813953488372,
      "hit@1": 0.0,
      "kw@5": 0.0,
      "kw@10": 0.14285714285714285,
      "sim@5": 0.11213493347167969,
      "sim@10": 0.2256547510623932,
      "top_ids": [
        762,
        158,
        1103,
        287,
        617,
        605,
        250,
        911,
        576,
        793
      ],
      "id": "lossy_decomposition",
      "emb_ms": 19.770439714193344,
      "ideal_n": 5,
      "keywords_n": 7
    }
  ]
}