{
  "aggregate": {
    "prefix": "phase3_minilm",
    "backend": "sentence_transformers",
    "model": "sentence-transformers/all-MiniLM-L6-v2",
    "n_queries": 11,
    "index_size": 2664,
    "index_dim": 384,
    "kw_coverage@5": 0.08051948051948052,
    "kw_coverage@10": 0.12164502164502164,
    "answer_sim@5": 0.18300555307756772,
    "answer_sim@10": 0.21891466324979608,
    "recall@5": 0.0,
    "recall@10": 0.0,
    "mrr": 0.008525239128687405,
    "mean_emb_ms": 16.861290247602895
  },
  "per_query": [
    {
      "recall@1": 0.0,
      "recall@5": 0.0,
      "recall@10": 0.0,
      "mrr": 0.0,
      "hit@1": 0.0,
      "kw@5": 0.0,
      "kw@10": 0.16666666666666666,
      "sim@5": 0.0723315179347992,
      "sim@10": 0.07233142852783203,
      "top_ids": [
        2468,
        100,
        1817,
        1463,
        1179,
        1471,
        148,
        2604,
        1528,
        1130
      ],
      "id": "aggregation_grouping",
      "emb_ms": 67.67913326621056,
      "ideal_n": 5,
      "keywords_n": 6
    },
    {
      "recall@1": 0.0,
      "recall@5": 0.0,
      "recall@10": 0.0,
      "mrr": 0.0,
      "hit@1": 0.0,
      "kw@5": 0.0,
      "kw@10": 0.0,
      "sim@5": 0.2931841313838959,
      "sim@10": 0.2931840419769287,
      "top_ids": [
        600,
        1671,
        609,
        617,
        665,
        604,
        616,
        610,
        591,
        637
      ],
      "id": "acid_properties",
      "emb_ms": 1.8919575959444046,
      "ideal_n": 5,
      "keywords_n": 8
    },
    {
      "recall@1": 0.0,
      "recall@5": 0.0,
      "recall@10": 0.0,
      "mrr": 0.020833333333333332,
      "hit@1": 0.0,
      "kw@5": 0.2,
      "kw@10": 0.2,
      "sim@5": 0.3341984152793884,
      "sim@10": 0.3341985046863556,
      "top_ids": [
        605,
        1422,
        617,
        599,
        1231,
        755,
        1265,
        620,
        572,
        589
      ],
      "id": "bptree",
      "emb_ms": 35.28440184891224,
      "ideal_n": 5,
      "keywords_n": 5
    },
    {
      "recall@1": 0.0,
      "recall@5": 0.0,
      "recall@10": 0.0,
      "mrr": 0.0,
      "hit@1": 0.0,
      "kw@5": 0.4,
      "kw@10": 0.4,
      "sim@5": 0.28513196110725403,
      "sim@10": 0.34862086176872253,
      "top_ids": [
        582,
        665,
        616,
        1365,
        614,
        608,
        589,
        1534,
        1068,
        1171
      ],
      "id": "fd_normalization",
      "emb_ms": 1.1085327714681625,
      "ideal_n": 5,
      "keywords_n": 5
    },
    {
      "recall@1": 0.0,
      "recall@5": 0.0,
      "recall@10": 0.0,
      "mrr": 0.0,
      "hit@1": 0.0,
      "kw@5": 0.0,
      "kw@10": 0.0,
      "sim@5": 0.15351805090904236,
      "sim@10": 0.153517946600914,
      "top_ids": [
        617,
        100,
        604,
        1545,
        2105,
        1507,
        118,
        1308,
        609,
        1547
      ],
      "id": "sql_isolation",
      "emb_ms": 10.900445282459259,
      "ideal_n": 5,
      "keywords_n": 8
    },
    {
      "recall@1": 0.0,
      "recall@5": 0.0,
      "recall@10": 0.0,
      "mrr": 0.034482758620689655,
      "hit@1": 0.0,
      "kw@5": 0.0,
      "kw@10": 0.0,
      "sim@5": 0.06260176002979279,
      "sim@10": 0.1982310712337494,
      "top_ids": [
        617,
        2338,
        588,
        1959,
        1450,
        1565,
        2171,
        317,
        902,
        2065
      ],
      "id": "primary_foreign_keys",
      "emb_ms": 1.0267123579978943,
      "ideal_n": 5,
      "keywords_n": 6
    },
    {
      "recall@1": 0.0,
      "recall@5": 0.0,
      "recall@10": 0.0,
      "mrr": 0.038461538461538464,
      "hit@1": 0.0,
      "kw@5": 0.14285714285714285,
      "kw@10": 0.42857142857142855,
      "sim@5": 0.15485543012619019,
      "sim@10": 0.15485543012619019,
      "top_ids": [
        1493,
        100,
        1078,
        111,
        582,
        604,
        1308,
        572,
        633,
        599
      ],
      "id": "database_schema",
      "emb_ms": 10.476524010300636,
      "ideal_n": 5,
      "keywords_n": 7
    },
    {
      "recall@1": 0.0,
      "recall@5": 0.0,
      "recall@10": 0.0,
      "mrr": 0.0,
      "hit@1": 0.0,
      "kw@5": 0.0,
      "kw@10": 0.0,
      "sim@5": 0.11910701543092728,
      "sim@10": 0.19808527827262878,
      "top_ids": [
        600,
        620,
        608,
        617,
        605,
        604,
        665,
        1476,
        609,
        117
      ],
      "id": "book_authors",
      "emb_ms": 1.3182424008846283,
      "ideal_n": 5,
      "keywords_n": 7
    },
    {
      "recall@1": 0.0,
      "recall@5": 0.0,
      "recall@10": 0.0,
      "mrr": 0.0,
      "hit@1": 0.0,
      "kw@5": 0.0,
      "kw@10": 0.0,
      "sim@5": 0.13447946310043335,
      "sim@10": 0.149211123585701,
      "top_ids": [
        600,
        617,
        609,
        591,
        633,
        572,
        639,
        163,
        708,
        604
      ],
      "id": "aries_atomicity",
      "emb_ms": 18.08670163154602,
      "ideal_n": 5,
      "keywords_n": 8
    },
    {
      "recall@1": 0.0,
      "recall@5": 0.0,
      "recall@10": 0.0,
      "mrr": 0.0,
      "hit@1": 0.0,
      "kw@5": 0.0,
      "kw@10": 0.0,
      "sim@5": 0.11948807537555695,
      "sim@10": 0.221660315990448,
      "top_ids": [
        617,
        604,
        1387,
        111,
        609,
        1265,
        1463,
        577,
        1231,
        1422
      ],
      "id": "oltp_vs_analytics",
      "emb_ms": 1.0648313909769058,
      "ideal_n": 5,
      "keywords_n": 9
    },
    {
      "recall@1": 0.0,
      "recall@5": 0.0,
      "recall@10": 0.0,
      "mrr": 0.0,
      "hit@1": 0.0,
      "kw@5": 0.14285714285714285,
      "kw@10": 0.14285714285714285,
      "sim@5": 0.28416526317596436,
      "sim@10": 0.28416529297828674,
      "top_ids": [
        100,
        1671,
        201,
        599,
        604,
        1781,
        1545,
        689,
        216,
        1959
      ],
      "id": "lossy_decomposition",
      "emb_ms": 36.63671016693115,
      "ideal_n": 5,
      "keywords_n": 7
    }
  ]
}