{
  "aggregate": {
    "prefix": "phase3_nomic_st",
    "backend": "sentence_transformers",
    "model": "nomic-ai/nomic-embed-text-v1.5",
    "n_queries": 11,
    "index_size": 2664,
    "index_dim": 768,
    "kw_coverage@5": 0.0,
    "kw_coverage@10": 0.03896103896103896,
    "answer_sim@5": 0.17653901485556905,
    "answer_sim@10": 0.23882138525897806,
    "recall@5": 0.0,
    "recall@10": 0.0,
    "mrr": 0.009628302731751007,
    "mean_emb_ms": 66.65216454050757
  },
  "per_query": [
    {
      "recall@1": 0.0,
      "recall@5": 0.0,
      "recall@10": 0.0,
      "mrr": 0.0,
      "hit@1": 0.0,
      "kw@5": 0.0,
      "kw@10": 0.0,
      "sim@5": 0.00022139586508274078,
      "sim@10": 0.06912656873464584,
      "top_ids": [
        605,
        1179,
        250,
        2310,
        2604,
        1076,
        2646,
        1383,
        158,
        100
      ],
      "id": "aggregation_grouping",
      "emb_ms": 194.2891776561737,
      "ideal_n": 5,
      "keywords_n": 6
    },
    {
      "recall@1": 0.0,
      "recall@5": 0.0,
      "recall@10": 0.0,
      "mrr": 0.0,
      "hit@1": 0.0,
      "kw@5": 0.0,
      "kw@10": 0.0,
      "sim@5": 0.21424216032028198,
      "sim@10": 0.35320448875427246,
      "top_ids": [
        2604,
        145,
        1179,
        1396,
        1265,
        1369,
        1078,
        1383,
        2516,
        2018
      ],
      "id": "acid_properties",
      "emb_ms": 118.30062605440617,
      "ideal_n": 5,
      "keywords_n": 8
    },
    {
      "recall@1": 0.0,
      "recall@5": 0.0,
      "recall@10": 0.0,
      "mrr": 0.07142857142857142,
      "hit@1": 0.0,
      "kw@5": 0.0,
      "kw@10": 0.0,
      "sim@5": 0.33271491527557373,
      "sim@10": 0.359359472990036,
      "top_ids": [
        2604,
        1402,
        158,
        1078,
        1265,
        1103,
        1257,
        1231,
        2310,
        1302
      ],
      "id": "bptree",
      "emb_ms": 1.8519815057516098,
      "ideal_n": 5,
      "keywords_n": 5
    },
    {
      "recall@1": 0.0,
      "recall@5": 0.0,
      "recall@10": 0.0,
      "mrr": 0.0,
      "hit@1": 0.0,
      "kw@5": 0.0,
      "kw@10": 0.0,
      "sim@5": 0.2844387888908386,
      "sim@10": 0.28443872928619385,
      "top_ids": [
        2283,
        1910,
        1383,
        660,
        145,
        1396,
        1959,
        2604,
        2018,
        1078
      ],
      "id": "fd_normalization",
      "emb_ms": 1.5208851546049118,
      "ideal_n": 5,
      "keywords_n": 5
    },
    {
      "recall@1": 0.0,
      "recall@5": 0.0,
      "recall@10": 0.0,
      "mrr": 0.0,
      "hit@1": 0.0,
      "kw@5": 0.0,
      "kw@10": 0.0,
      "sim@5": 0.11927344650030136,
      "sim@10": 0.2672543227672577,
      "top_ids": [
        1179,
        2604,
        1383,
        1029,
        2274,
        190,
        2592,
        145,
        158,
        961
      ],
      "id": "sql_isolation",
      "emb_ms": 1.641867682337761,
      "ideal_n": 5,
      "keywords_n": 8
    },
    {
      "recall@1": 0.0,
      "recall@5": 0.0,
      "recall@10": 0.0,
      "mrr": 0.0,
      "hit@1": 0.0,
      "kw@5": 0.0,
      "kw@10": 0.0,
      "sim@5": 0.08315920829772949,
      "sim@10": 0.14857640862464905,
      "top_ids": [
        2283,
        2604,
        694,
        1179,
        1548,
        2310,
        1875,
        2611,
        1078,
        2018
      ],
      "id": "primary_foreign_keys",
      "emb_ms": 140.54912142455578,
      "ideal_n": 5,
      "keywords_n": 6
    },
    {
      "recall@1": 0.0,
      "recall@5": 0.0,
      "recall@10": 0.0,
      "mrr": 0.034482758620689655,
      "hit@1": 0.0,
      "kw@5": 0.0,
      "kw@10": 0.14285714285714285,
      "sim@5": 0.09474213421344757,
      "sim@10": 0.15860939025878906,
      "top_ids": [
        1078,
        2604,
        1016,
        781,
        1179,
        2149,
        1076,
        2018,
        158,
        583
      ],
      "id": "database_schema",
      "emb_ms": 1.6515720635652542,
      "ideal_n": 5,
      "keywords_n": 7
    },
    {
      "recall@1": 0.0,
      "recall@5": 0.0,
      "recall@10": 0.0,
      "mrr": 0.0,
      "hit@1": 0.0,
      "kw@5": 0.0,
      "kw@10": 0.0,
      "sim@5": 0.2447684407234192,
      "sim@10": 0.24476829171180725,
      "top_ids": [
        2600,
        2018,
        1644,
        1078,
        593,
        1076,
        2202,
        1179,
        1332,
        1614
      ],
      "id": "book_authors",
      "emb_ms": 78.31969298422337,
      "ideal_n": 5,
      "keywords_n": 7
    },
    {
      "recall@1": 0.0,
      "recall@5": 0.0,
      "recall@10": 0.0,
      "mrr": 0.0,
      "hit@1": 0.0,
      "kw@5": 0.0,
      "kw@10": 0.0,
      "sim@5": 0.15236204862594604,
      "sim@10": 0.24027681350708008,
      "top_ids": [
        1179,
        2604,
        1076,
        2310,
        1383,
        2646,
        1642,
        2018,
        2436,
        190
      ],
      "id": "aries_atomicity",
      "emb_ms": 1.5771761536598206,
      "ideal_n": 5,
      "keywords_n": 8
    },
    {
      "recall@1": 0.0,
      "recall@5": 0.0,
      "recall@10": 0.0,
      "mrr": 0.0,
      "hit@1": 0.0,
      "kw@5": 0.0,
      "kw@10": 0.0,
      "sim@5": 0.1811172068119049,
      "sim@10": 0.18111716210842133,
      "top_ids": [
        2604,
        1396,
        1078,
        1179,
        1076,
        1369,
        2018,
        1265,
        2436,
        1140
      ],
      "id": "oltp_vs_analytics",
      "emb_ms": 94.88733857870102,
      "ideal_n": 5,
      "keywords_n": 9
    },
    {
      "recall@1": 0.0,
      "recall@5": 0.0,
      "recall@10": 0.0,
      "mrr": 0.0,
      "hit@1": 0.0,
      "kw@5": 0.0,
      "kw@10": 0.2857142857142857,
      "sim@5": 0.234889417886734,
      "sim@10": 0.3203035891056061,
      "top_ids": [
        250,
        158,
        2436,
        1383,
        2018,
        1078,
        762,
        583,
        1103,
        1179
      ],
      "id": "lossy_decomposition",
      "emb_ms": 98.58437068760395,
      "ideal_n": 5,
      "keywords_n": 7
    }
  ]
}