{
  "aggregate": {
    "prefix": "phase3_qwen4b",
    "backend": "llama_cpp",
    "model": "models/Qwen3-Embedding-4B-Q4_K_M.gguf",
    "n_queries": 11,
    "index_size": 2664,
    "index_dim": 2560,
    "kw_coverage@5": 0.23805916305916305,
    "kw_coverage@10": 0.30064935064935067,
    "answer_sim@5": 0.3294053633104671,
    "answer_sim@10": 0.34689551862803375,
    "recall@5": 0.0,
    "recall@10": 0.0,
    "mrr": 0.011029411764705883,
    "mean_emb_ms": 52.8126558796926
  },
  "per_query": [
    {
      "recall@1": 0.0,
      "recall@5": 0.0,
      "recall@10": 0.0,
      "mrr": 0.0,
      "hit@1": 0.0,
      "kw@5": 0.3333333333333333,
      "kw@10": 0.3333333333333333,
      "sim@5": 0.4353613257408142,
      "sim@10": 0.4353613257408142,
      "top_ids": [
        169,
        1508,
        1025,
        1014,
        983,
        181,
        552,
        19,
        31,
        42
      ],
      "id": "aggregation_grouping",
      "emb_ms": 153.80386915057898,
      "ideal_n": 5,
      "keywords_n": 6
    },
    {
      "recall@1": 0.0,
      "recall@5": 0.0,
      "recall@10": 0.0,
      "mrr": 0.0,
      "hit@1": 0.0,
      "kw@5": 0.5,
      "kw@10": 0.625,
      "sim@5": 0.35066503286361694,
      "sim@10": 0.35066503286361694,
      "top_ids": [
        2216,
        1648,
        1637,
        2056,
        1816,
        1708,
        2532,
        1744,
        1626,
        1923
      ],
      "id": "acid_properties",
      "emb_ms": 73.67307133972645,
      "ideal_n": 5,
      "keywords_n": 8
    },
    {
      "recall@1": 0.0,
      "recall@5": 0.0,
      "recall@10": 0.0,
      "mrr": 0.0,
      "hit@1": 0.0,
      "kw@5": 0.2,
      "kw@10": 0.2,
      "sim@5": 0.47717294096946716,
      "sim@10": 0.47717294096946716,
      "top_ids": [
        1310,
        1264,
        2067,
        2396,
        2404,
        1327,
        808,
        1272,
        2056,
        2478
      ],
      "id": "bptree",
      "emb_ms": 1.70845165848732,
      "ideal_n": 5,
      "keywords_n": 5
    },
    {
      "recall@1": 0.0,
      "recall@5": 0.0,
      "recall@10": 0.0,
      "mrr": 0.0,
      "hit@1": 0.0,
      "kw@5": 0.0,
      "kw@10": 0.0,
      "sim@5": 0.30651214718818665,
      "sim@10": 0.30651214718818665,
      "top_ids": [
        576,
        605,
        591,
        640,
        2056,
        84,
        675,
        169,
        507,
        619
      ],
      "id": "fd_normalization",
      "emb_ms": 15.771116130053997,
      "ideal_n": 5,
      "keywords_n": 5
    },
    {
      "recall@1": 0.0,
      "recall@5": 0.0,
      "recall@10": 0.0,
      "mrr": 0.0,
      "hit@1": 0.0,
      "kw@5": 0.25,
      "kw@10": 0.25,
      "sim@5": 0.35793831944465637,
      "sim@10": 0.35793831944465637,
      "top_ids": [
        1648,
        1632,
        1637,
        2056,
        1762,
        132,
        1708,
        368,
        2216,
        1658
      ],
      "id": "sql_isolation",
      "emb_ms": 1.3201907277107239,
      "ideal_n": 5,
      "keywords_n": 8
    },
    {
      "recall@1": 0.0,
      "recall@5": 0.0,
      "recall@10": 0.0,
      "mrr": 0.058823529411764705,
      "hit@1": 0.0,
      "kw@5": 0.16666666666666666,
      "kw@10": 0.3333333333333333,
      "sim@5": 0.2913605868816376,
      "sim@10": 0.2913605868816376,
      "top_ids": [
        497,
        2056,
        507,
        675,
        84,
        808,
        269,
        132,
        19,
        31
      ],
      "id": "primary_foreign_keys",
      "emb_ms": 92.38535817712545,
      "ideal_n": 5,
      "keywords_n": 6
    },
    {
      "recall@1": 0.0,
      "recall@5": 0.0,
      "recall@10": 0.0,
      "mrr": 0.0625,
      "hit@1": 0.0,
      "kw@5": 0.42857142857142855,
      "kw@10": 0.5714285714285714,
      "sim@5": 0.25820526480674744,
      "sim@10": 0.25820526480674744,
      "top_ids": [
        94,
        32,
        652,
        675,
        436,
        132,
        507,
        570,
        497,
        84
      ],
      "id": "database_schema",
      "emb_ms": 1.2912210077047348,
      "ideal_n": 5,
      "keywords_n": 7
    },
    {
      "recall@1": 0.0,
      "recall@5": 0.0,
      "recall@10": 0.0,
      "mrr": 0.0,
      "hit@1": 0.0,
      "kw@5": 0.0,
      "kw@10": 0.0,
      "sim@5": 0.28407996892929077,
      "sim@10": 0.4567232131958008,
      "top_ids": [
        19,
        31,
        42,
        46,
        60,
        92,
        98,
        100,
        119,
        145
      ],
      "id": "book_authors",
      "emb_ms": 88.97472731769085,
      "ideal_n": 5,
      "keywords_n": 7
    },
    {
      "recall@1": 0.0,
      "recall@5": 0.0,
      "recall@10": 0.0,
      "mrr": 0.0,
      "hit@1": 0.0,
      "kw@5": 0.375,
      "kw@10": 0.375,
      "sim@5": 0.2936811149120331,
      "sim@10": 0.2936811149120331,
      "top_ids": [
        1895,
        2216,
        1816,
        1648,
        1637,
        1708,
        2072,
        1710,
        1626,
        1744
      ],
      "id": "aries_atomicity",
      "emb_ms": 1.2993430718779564,
      "ideal_n": 5,
      "keywords_n": 8
    },
    {
      "recall@1": 0.0,
      "recall@5": 0.0,
      "recall@10": 0.0,
      "mrr": 0.0,
      "hit@1": 0.0,
      "kw@5": 0.2222222222222222,
      "kw@10": 0.3333333333333333,
      "sim@5": 0.32517868280410767,
      "sim@10": 0.32517868280410767,
      "top_ids": [
        999,
        80,
        967,
        2182,
        1014,
        2056,
        1004,
        946,
        675,
        2532
      ],
      "id": "oltp_vs_analytics",
      "emb_ms": 40.73670506477356,
      "ideal_n": 5,
      "keywords_n": 9
    },
    {
      "recall@1": 0.0,
      "recall@5": 0.0,
      "recall@10": 0.0,
      "mrr": 0.0,
      "hit@1": 0.0,
      "kw@5": 0.14285714285714285,
      "kw@10": 0.2857142857142857,
      "sim@5": 0.24330361187458038,
      "sim@10": 0.2630520761013031,
      "top_ids": [
        564,
        619,
        1543,
        675,
        640,
        1478,
        622,
        19,
        31,
        42
      ],
      "id": "lossy_decomposition",
      "emb_ms": 109.97516103088856,
      "ideal_n": 5,
      "keywords_n": 7
    }
  ]
}